epoch,loss,top1,top5,val_loss,val_top1,val_top5
0,0.8910769820213318,0.7866520881652832,0.9390043616294861,1.0885162353515625,0.7245817184448242,0.9111968874931335
1,0.8008696436882019,0.7943107485771179,0.9450218677520752,1.075415015220642,0.7181467413902283,0.915057897567749
2,0.785842776298523,0.7885667681694031,0.9425601959228516,1.0535576343536377,0.7245817184448242,0.9176319241523743
3,0.7611128091812134,0.7918490171432495,0.9444748163223267,1.056571364402771,0.7181467413902283,0.9176319241523743
4,0.7372684478759766,0.7995076775550842,0.9455689191818237,1.048771619796753,0.7194337248802185,0.9189189076423645
